Commit,Total Heap Usage for all tests
e067b83fecfab2b949ed2f8ac402180dd87d4148,441
51bfe72a05b2cd823eccf770359d0a26e58493e4,528
364f9f203bd9b689846fb8e03403ac53dc09c839,488
cf843f02c844816e6bf82ba454400d93497ef2c0,384
f87bfbd75e78db7911646e3dc5f1d4a936cd9e7d,431
d06ed3d20d516ffdfcd8c80d1adaff9989ddf575,434
6a3fad38f7d0dc37c4bf8e9dd4aa657959af1eb7,433
3ac4682e3f00a85460f2aa35cbbeab7e13dc7ade,429
b0261f5fbc85cbbe6e710bb5486b4ceb5140dcaa,429
42dcc11432d38556f55ee6754eb7ec93bac16ba5,431
3edbca3ec0e7af1bbea98511c647fa3b49afb0e5,638
5e1d1df02f58b5a68ed894ea897df20dae96a1ab,0
08182f66e40371b2587272c2dff8fe9bd11f511d,442
5d44771ccf70d1f5bc4f28c2ccbd4a485976f801,0
4e52f7a03ca3830987de85936a008a19f3a4ef65,558
396895975062238f314737d1650de4523b708b28,543
8fa4d418188a57fd54c6fb88c6c5c38740142d0d,490
e5a485defb0d5c570b8a97c2818d57f589e78040,630
668a851cf48f14e1b74b97f30405c713aa1688e7,436
9ac38196fbd09ec0e415b5916e16c1b733463256,552
c4078ddb0e0b8289db343460bcaea18c3eaf09f7,449
974b3e2036e7c15a28b8c9a8e067f0ccbddb6b67,610
5ac1518101225c85529a23931e788c8cd3b27ca0,502
432d38f4f9ac2156c99c46cffbf29eaf52c8dbbe,605
ea5686dfc12470fb8d11b9804f0cfb5c354d275a,623
04b9d2bcfab83ef124293ae6d10ff04726696c59,602
7a6eead802b3bf7e544beecb57dd6645e65278a0,585
927f043a44d3a1d99b65c0d825c2b647e34ae215,0
86a8ccf1c6d54a3ae161bf6a507270bafe031f5a,0
